Fruit Type,Fruit Waste (kg),Method,C:N Ratio,Time to Manure (weeks),Finished Manure (kg)
banana,5,Composting,29.28,9.8,3.22
banana,10,Composting,29.59,10.3,7.18
banana,15,Composting,31.49,9.7,11.15
banana,20,Composting,31.43,10.8,12.38
banana,25,Composting,28.74,11.1,14.89
banana,30,Composting,31.42,10.4,20.75
banana,35,Composting,30.93,9.6,23.6
banana,40,Composting,29.94,9.7,25.41
banana,5,Vermiculture,31.13,5.8,2.77
banana,10,Vermiculture,29.45,6.2,5.37
banana,15,Vermiculture,29.72,6.7,8.54
banana,20,Vermiculture,30.93,5.7,11.34
banana,25,Vermiculture,29.87,6.5,15.38
banana,30,Vermiculture,28.6,6.0,18.7
banana,35,Vermiculture,29.03,6.0,19.31
banana,40,Vermiculture,31.26,6.7,20.56
apple,5,Composting,28.19,13.1,2.91
apple,10,Composting,28.96,12.3,5.77
apple,15,Composting,28.19,13.0,9.85
apple,20,Composting,27.29,13.1,13.41
apple,25,Composting,28.59,11.6,16.34
apple,30,Composting,26.62,11.8,17.86
apple,35,Composting,28.25,11.7,18.41
apple,40,Composting,28.47,13.4,20.68
apple,5,Vermiculture,28.73,9.1,2.86
apple,10,Vermiculture,28.41,7.8,4.97
apple,15,Vermiculture,27.98,8.0,7.86
apple,20,Vermiculture,29.03,8.2,9.09
apple,25,Vermiculture,27.33,7.8,13.51
apple,30,Vermiculture,28.12,8.5,14.29
apple,35,Vermiculture,28.85,8.8,17.48
apple,40,Vermiculture,27.16,8.2,21.02
litchi,5,Composting,26.15,15.7,3.36
litchi,10,Composting,23.89,15.4,5.89
litchi,15,Composting,24.16,15.9,10.58
litchi,20,Composting,25.82,14.5,10.9
litchi,25,Composting,23.75,16.0,13.29
litchi,30,Composting,25.58,13.9,15.83
litchi,35,Composting,24.7,14.5,22.49
litchi,40,Composting,25.49,13.6,21.93
litchi,5,Vermiculture,25.54,10.3,2.79
litchi,10,Vermiculture,25.48,10.0,5.45
litchi,15,Vermiculture,25.15,9.5,8.5
litchi,20,Vermiculture,26.22,10.0,9.76
litchi,25,Vermiculture,26.14,8.7,13.21
litchi,30,Vermiculture,24.89,9.5,16.27
litchi,35,Vermiculture,25.34,9.4,17.89
litchi,40,Vermiculture,24.92,8.8,20.43
mango,5,Composting,26.42,16.9,3.07
mango,10,Composting,25.3,16.7,5.34
mango,15,Composting,26.12,16.1,9.19
mango,20,Composting,26.43,16.8,11.41
mango,25,Composting,26.58,15.5,15.3
mango,30,Composting,25.48,15.3,15.06
mango,35,Composting,25.73,15.8,19.39
mango,40,Composting,25.81,17.3,23.04
mango,5,Vermiculture,25.79,11.4,2.39
mango,10,Vermiculture,26.55,12.6,4.77
mango,15,Vermiculture,25.44,13.0,7.92
mango,20,Vermiculture,25.73,12.5,11.22
mango,25,Vermiculture,27.08,11.7,13.47
mango,30,Vermiculture,25.19,13.7,13.8
mango,35,Vermiculture,24.9,13.5,18.93
mango,40,Vermiculture,27.3,13.1,23.61
grapes,5,Composting,27.7,9.3,3.4
grapes,10,Composting,26.33,8.6,6.1
grapes,15,Composting,28.33,9.8,8.5
grapes,20,Composting,26.33,9.9,12.38
grapes,25,Composting,27.03,8.9,16.16
grapes,30,Composting,25.98,8.7,18.85
grapes,35,Composting,27.71,9.6,20.36
grapes,40,Composting,27.98,10.0,28.12
grapes,5,Vermiculture,26.64,7.4,2.89
grapes,10,Vermiculture,26.79,7.0,5.03
grapes,15,Vermiculture,27.5,7.0,8.94
grapes,20,Vermiculture,27.79,7.6,9.72
grapes,25,Vermiculture,27.99,7.1,13.25
grapes,30,Vermiculture,26.55,7.1,16.51
grapes,35,Vermiculture,26.16,8.0,17.45
grapes,40,Vermiculture,27.15,7.2,21.05
lemon,5,Composting,25.02,12.0,3.13
lemon,10,Composting,22.9,12.0,6.4
lemon,15,Composting,23.66,12.0,9.5
lemon,20,Composting,24.74,11.5,12.93
lemon,25,Composting,24.56,12.0,18.04
lemon,30,Composting,23.18,10.7,19.65
lemon,35,Composting,24.91,11.3,24.79
lemon,40,Composting,22.94,10.8,28.43
lemon,5,Vermiculture,23.91,8.6,2.37
lemon,10,Vermiculture,24.58,7.9,5.5
lemon,15,Vermiculture,25.04,8.7,8.71
lemon,20,Vermiculture,22.85,8.6,8.92
lemon,25,Vermiculture,24.88,8.8,13.29
lemon,30,Vermiculture,23.9,8.5,13.69
lemon,35,Vermiculture,24.47,7.7,19.1
lemon,40,Vermiculture,22.99,9.0,17.74
jackfruit,5,Composting,31.83,19.0,2.91
jackfruit,10,Composting,31.24,19.3,5.74
jackfruit,15,Composting,33.02,20.6,8.19
jackfruit,20,Composting,32.61,18.2,11.29
jackfruit,25,Composting,30.64,18.8,14.92
jackfruit,30,Composting,30.8,20.7,15.29
jackfruit,35,Composting,30.47,20.2,17.9
jackfruit,40,Composting,30.66,20.1,23.97
jackfruit,5,Vermiculture,31.53,13.4,2.65
jackfruit,10,Vermiculture,31.32,14.0,4.73
jackfruit,15,Vermiculture,31.58,13.6,8.6
jackfruit,20,Vermiculture,33.53,15.5,8.99
jackfruit,25,Vermiculture,31.7,15.7,12.31
jackfruit,30,Vermiculture,31.25,13.7,12.98
jackfruit,35,Vermiculture,30.96,15.7,15.65
jackfruit,40,Vermiculture,33.58,14.0,18.2
tomato,5,Composting,22.5,9.1,3.9
tomato,10,Composting,21.49,8.8,6.69
tomato,15,Composting,22.84,7.8,11.8
tomato,20,Composting,21.89,8.9,12.6
tomato,25,Composting,20.98,8.0,19.28
tomato,30,Composting,22.85,8.6,22.16
tomato,35,Composting,22.67,9.1,21.01
tomato,40,Composting,22.58,8.3,28.97
tomato,5,Vermiculture,22.97,4.9,3.27
tomato,10,Vermiculture,21.42,5.5,6.0
tomato,15,Vermiculture,21.18,5.6,9.8
tomato,20,Vermiculture,21.69,5.5,13.64
tomato,25,Vermiculture,21.83,4.9,16.72
tomato,30,Vermiculture,21.59,5.7,18.77
tomato,35,Vermiculture,23.06,5.3,19.74
tomato,40,Vermiculture,21.48,5.4,24.23
papaya,5,Composting,25.86,14.4,2.97
papaya,10,Composting,24.32,13.1,7.12
papaya,15,Composting,24.25,13.9,10.16
papaya,20,Composting,25.47,14.5,11.62
papaya,25,Composting,24.56,14.5,17.1
papaya,30,Composting,24.66,13.2,22.06
papaya,35,Composting,25.03,13.5,26.16
papaya,40,Composting,25.47,12.8,28.25
papaya,5,Vermiculture,24.94,9.6,2.74
papaya,10,Vermiculture,24.17,9.6,5.78
papaya,15,Vermiculture,25.5,9.9,7.23
papaya,20,Vermiculture,24.88,9.6,10.92
papaya,25,Vermiculture,25.25,9.4,12.13
papaya,30,Vermiculture,24.96,9.6,16.38
papaya,35,Vermiculture,24.83,9.4,18.82
papaya,40,Vermiculture,23.97,9.8,20.3
plum,5,Composting,28.06,11.3,3.22
plum,10,Composting,28.32,9.9,5.72
plum,15,Composting,29.35,10.4,7.95
plum,20,Composting,28.87,10.2,11.1
plum,25,Composting,27.99,9.8,14.78
plum,30,Composting,29.11,11.4,19.84
plum,35,Composting,26.76,9.5,22.69
plum,40,Composting,28.19,11.5,27.46
plum,5,Vermiculture,29.36,6.7,2.51
plum,10,Vermiculture,28.16,7.4,5.91
plum,15,Vermiculture,29.16,7.3,7.29
plum,20,Vermiculture,28.09,7.7,9.17
plum,25,Vermiculture,26.63,7.1,13.93
plum,30,Vermiculture,27.72,7.1,13.27
plum,35,Vermiculture,28.77,7.6,16.4
plum,40,Vermiculture,29.23,7.4,18.61
banana,5,Composting,28.69,11.4,2.81
banana,10,Composting,29.33,10.2,7.15
banana,15,Composting,29.34,10.6,9.84
banana,20,Composting,31.3,9.9,13.23
banana,25,Composting,30.74,9.5,15.0
banana,30,Composting,30.96,11.0,17.29
banana,35,Composting,29.41,11.4,21.46
banana,40,Composting,30.25,11.1,29.27
banana,5,Vermiculture,29.77,6.4,2.52
banana,10,Vermiculture,29.04,5.8,5.26
banana,15,Vermiculture,29.14,6.5,8.37
banana,20,Vermiculture,31.05,6.3,9.74
banana,25,Vermiculture,29.84,6.8,13.99
banana,30,Vermiculture,29.21,6.2,18.51
banana,35,Vermiculture,31.34,5.9,16.81
banana,40,Vermiculture,29.96,5.8,24.15
apple,5,Composting,28.68,12.1,2.91
apple,10,Composting,26.91,13.0,6.39
apple,15,Composting,28.28,12.6,10.23
apple,20,Composting,27.04,12.8,11.64
apple,25,Composting,27.89,13.7,14.54
apple,30,Composting,28.76,13.1,19.18
apple,35,Composting,26.63,12.5,21.72
apple,40,Composting,28.67,11.6,22.78
apple,5,Vermiculture,27.25,8.4,2.35
apple,10,Vermiculture,26.77,7.7,4.54
apple,15,Vermiculture,27.45,8.9,7.92
apple,20,Vermiculture,27.31,8.9,10.55
apple,25,Vermiculture,27.78,9.2,12.44
apple,30,Vermiculture,28.42,9.0,13.27
apple,35,Vermiculture,28.92,8.6,19.71
apple,40,Vermiculture,27.71,7.9,17.37
litchi,5,Composting,25.95,15.1,2.66
litchi,10,Composting,25.47,15.4,5.53
litchi,15,Composting,24.02,15.5,8.59
litchi,20,Composting,25.85,13.4,12.6
litchi,25,Composting,24.33,14.3,15.37
litchi,30,Composting,25.53,15.3,16.69
litchi,35,Composting,24.67,15.3,19.3
litchi,40,Composting,24.75,13.4,25.56
litchi,5,Vermiculture,23.85,9.9,2.49
litchi,10,Vermiculture,24.56,9.1,4.91
litchi,15,Vermiculture,25.04,9.9,8.45
litchi,20,Vermiculture,25.48,9.1,9.35
litchi,25,Vermiculture,24.06,9.0,15.08
litchi,30,Vermiculture,24.61,8.9,15.34
litchi,35,Vermiculture,23.89,9.2,18.63
litchi,40,Vermiculture,25.06,10.1,20.64
mango,5,Composting,27.29,15.7,2.66
mango,10,Composting,25.71,15.8,6.35
mango,15,Composting,27.03,16.5,7.82
mango,20,Composting,25.43,15.9,12.91
mango,25,Composting,24.76,16.7,16.35
mango,30,Composting,25.06,16.4,16.23
mango,35,Composting,25.42,16.3,18.2
mango,40,Composting,27.0,17.2,23.19
mango,5,Vermiculture,24.78,12.5,2.54
mango,10,Vermiculture,24.97,13.7,4.55
mango,15,Vermiculture,25.87,13.4,6.96
mango,20,Vermiculture,25.46,13.8,10.58
mango,25,Vermiculture,26.38,13.7,12.9
mango,30,Vermiculture,25.13,12.0,15.89
mango,35,Vermiculture,26.92,12.6,20.37
mango,40,Vermiculture,24.73,13.2,20.49
grapes,5,Composting,26.61,8.9,3.29
grapes,10,Composting,25.77,9.0,5.51
grapes,15,Composting,26.11,9.6,8.6
grapes,20,Composting,27.9,10.3,10.91
grapes,25,Composting,27.07,9.3,17.61
grapes,30,Composting,27.66,9.1,16.88
grapes,35,Composting,27.42,8.8,23.64
grapes,40,Composting,27.09,9.6,29.12
grapes,5,Vermiculture,26.15,7.4,2.36
grapes,10,Vermiculture,27.26,8.0,5.02
grapes,15,Vermiculture,25.94,6.9,7.21
grapes,20,Vermiculture,27.28,7.0,11.76
grapes,25,Vermiculture,26.15,8.0,14.84
grapes,30,Vermiculture,26.09,6.8,16.96
grapes,35,Vermiculture,26.91,7.1,17.3
grapes,40,Vermiculture,27.46,7.4,21.05
lemon,5,Composting,23.9,11.9,2.75
lemon,10,Composting,24.88,12.3,5.5
lemon,15,Composting,22.89,12.2,9.09
lemon,20,Composting,23.55,12.6,12.97
lemon,25,Composting,24.22,10.7,16.47
lemon,30,Composting,23.17,10.7,18.24
lemon,35,Composting,24.94,12.6,19.88
lemon,40,Composting,25.13,11.7,21.43
lemon,5,Vermiculture,24.76,8.3,2.94
lemon,10,Vermiculture,24.57,8.1,5.55
lemon,15,Vermiculture,24.04,8.5,7.3
lemon,20,Vermiculture,23.67,8.7,10.44
lemon,25,Vermiculture,23.09,8.7,14.38
lemon,30,Vermiculture,24.2,9.0,17.12
lemon,35,Vermiculture,24.83,7.9,20.58
lemon,40,Vermiculture,23.85,9.0,19.48
jackfruit,5,Composting,31.77,20.5,2.5
jackfruit,10,Composting,32.38,18.4,4.74
jackfruit,15,Composting,31.29,17.7,7.05
jackfruit,20,Composting,32.05,19.1,9.57
jackfruit,25,Composting,31.4,19.5,12.25
jackfruit,30,Composting,31.05,18.9,18.77
jackfruit,35,Composting,32.86,18.9,17.87
jackfruit,40,Composting,32.62,18.5,19.73
jackfruit,5,Vermiculture,32.51,14.8,2.16
jackfruit,10,Vermiculture,31.15,15.1,5.31
jackfruit,15,Vermiculture,31.36,15.2,6.91
jackfruit,20,Vermiculture,31.82,14.2,9.94
jackfruit,25,Vermiculture,32.45,13.3,13.39
jackfruit,30,Vermiculture,30.64,14.7,14.7
jackfruit,35,Vermiculture,33.33,15.5,16.31
jackfruit,40,Vermiculture,31.57,15.7,19.53
tomato,5,Composting,20.95,9.0,3.57
tomato,10,Composting,22.9,8.9,7.69
tomato,15,Composting,22.81,8.7,11.96
tomato,20,Composting,22.03,7.9,15.9
tomato,25,Composting,21.07,7.8,18.33
tomato,30,Composting,22.63,8.2,23.62
tomato,35,Composting,22.32,8.4,25.51
tomato,40,Composting,22.5,8.0,27.51
tomato,5,Vermiculture,21.79,5.0,3.28
tomato,10,Vermiculture,22.7,4.9,5.79
tomato,15,Vermiculture,22.12,4.9,8.72
tomato,20,Vermiculture,23.03,4.8,12.69
tomato,25,Vermiculture,22.93,5.3,15.32
tomato,30,Vermiculture,22.74,5.2,17.51
tomato,35,Vermiculture,20.96,5.5,21.66
tomato,40,Vermiculture,21.02,4.9,27.45
papaya,5,Composting,26.03,14.0,3.52
papaya,10,Composting,24.07,14.5,5.9
papaya,15,Composting,24.51,13.8,10.91
papaya,20,Composting,23.87,13.1,14.05
papaya,25,Composting,24.12,14.5,15.84
papaya,30,Composting,23.88,14.8,20.52
papaya,35,Composting,25.41,13.5,20.34
papaya,40,Composting,23.92,13.0,29.88
papaya,5,Vermiculture,26.1,9.8,2.94
papaya,10,Vermiculture,24.23,9.8,5.89
papaya,15,Vermiculture,24.72,9.3,7.66
papaya,20,Vermiculture,24.89,9.5,11.83
papaya,25,Vermiculture,24.61,9.6,13.48
papaya,30,Vermiculture,25.55,9.0,18.01
papaya,35,Vermiculture,25.95,9.5,17.32
papaya,40,Vermiculture,24.09,9.6,20.64
plum,5,Composting,28.69,10.1,2.65
plum,10,Composting,27.89,9.9,5.78
plum,15,Composting,28.41,9.6,8.59
plum,20,Composting,28.26,10.1,11.5
plum,25,Composting,29.08,10.9,16.3
plum,30,Composting,26.63,11.3,16.49
plum,35,Composting,26.63,10.2,20.25
plum,40,Composting,27.82,10.3,25.77
plum,5,Vermiculture,28.74,7.6,2.87
plum,10,Vermiculture,27.97,7.5,5.49
plum,15,Vermiculture,26.6,7.0,7.08
plum,20,Vermiculture,27.12,6.9,10.04
plum,25,Vermiculture,27.7,7.9,11.57
plum,30,Vermiculture,27.21,7.6,14.26
plum,35,Vermiculture,27.28,6.7,20.03
plum,40,Vermiculture,27.21,7.4,19.71
banana,5,Composting,28.77,11.1,3.25
banana,10,Composting,28.79,11.1,6.1
banana,15,Composting,29.4,10.2,10.03
banana,20,Composting,31.21,11.0,11.75
banana,25,Composting,31.43,10.1,15.76
banana,30,Composting,29.49,10.8,19.63
banana,35,Composting,30.63,10.6,24.36
banana,40,Composting,28.76,9.8,28.74
banana,5,Vermiculture,29.66,6.8,3.15
banana,10,Vermiculture,28.95,6.8,4.75
banana,15,Vermiculture,30.64,6.1,8.05
banana,20,Vermiculture,31.01,6.2,11.15
banana,25,Vermiculture,31.11,6.4,14.93
banana,30,Vermiculture,30.52,6.9,15.54
banana,35,Vermiculture,28.72,6.8,17.49
banana,40,Vermiculture,29.49,6.3,24.76
apple,5,Composting,28.09,12.1,2.76
apple,10,Composting,27.85,11.9,6.2
apple,15,Composting,27.34,11.9,10.0
apple,20,Composting,27.54,12.2,13.17
apple,25,Composting,28.36,11.6,14.65
apple,30,Composting,27.43,12.5,15.75
apple,35,Composting,26.91,11.6,22.78
apple,40,Composting,27.28,12.9,25.71
apple,5,Vermiculture,28.88,9.2,2.74
apple,10,Vermiculture,28.17,8.4,4.36
apple,15,Vermiculture,29.11,8.0,8.27
apple,20,Vermiculture,29.11,7.6,9.45
apple,25,Vermiculture,28.58,8.6,10.63
apple,30,Vermiculture,29.02,8.7,13.67
apple,35,Vermiculture,27.21,8.5,17.63
apple,40,Vermiculture,26.79,8.1,19.29
litchi,5,Composting,26.08,14.9,2.92
litchi,10,Composting,26.0,13.6,5.74
litchi,15,Composting,25.59,15.5,9.57
litchi,20,Composting,24.13,14.8,12.89
litchi,25,Composting,24.88,14.2,16.86
litchi,30,Composting,24.16,14.3,17.5
litchi,35,Composting,24.6,14.1,18.64
litchi,40,Composting,23.93,13.9,23.9
litchi,5,Vermiculture,23.79,9.9,2.5
litchi,10,Vermiculture,25.73,9.3,4.9
litchi,15,Vermiculture,25.91,10.3,8.79
litchi,20,Vermiculture,24.19,9.7,9.7
litchi,25,Vermiculture,24.4,9.5,14.21
litchi,30,Vermiculture,25.34,9.6,14.34
litchi,35,Vermiculture,26.24,9.8,16.18
litchi,40,Vermiculture,25.66,9.8,22.42
mango,5,Composting,27.29,16.4,3.16
mango,10,Composting,26.95,17.5,6.55
mango,15,Composting,26.88,16.4,7.46
mango,20,Composting,26.09,17.7,10.3
mango,25,Composting,27.18,16.2,15.89
mango,30,Composting,26.69,17.0,14.98
mango,35,Composting,25.06,17.3,22.5
mango,40,Composting,27.17,17.2,25.32
mango,5,Vermiculture,25.23,13.2,2.49
mango,10,Vermiculture,27.06,12.3,4.63
mango,15,Vermiculture,26.22,13.1,7.18
mango,20,Vermiculture,26.41,12.0,11.94
mango,25,Vermiculture,26.02,12.9,14.34
mango,30,Vermiculture,26.32,13.7,13.3
mango,35,Vermiculture,24.86,11.5,15.73
mango,40,Vermiculture,26.39,11.7,22.82
grapes,5,Composting,28.06,9.1,3.12
grapes,10,Composting,27.56,10.2,6.91
grapes,15,Composting,26.95,9.4,9.13
grapes,20,Composting,28.1,8.7,13.21
grapes,25,Composting,28.01,9.3,16.01
grapes,30,Composting,26.08,8.6,19.15
grapes,35,Composting,27.1,9.3,19.09
grapes,40,Composting,28.29,9.1,25.87
grapes,5,Vermiculture,27.3,6.8,3.08
grapes,10,Vermiculture,26.15,7.8,5.84
grapes,15,Vermiculture,26.87,7.9,8.3
grapes,20,Vermiculture,27.37,6.9,12.03
grapes,25,Vermiculture,28.16,7.9,12.11
grapes,30,Vermiculture,27.25,8.0,15.3
grapes,35,Vermiculture,25.95,7.9,17.63
grapes,40,Vermiculture,28.2,7.7,18.81
lemon,5,Composting,24.76,11.3,3.2
lemon,10,Composting,24.49,12.2,5.44
lemon,15,Composting,23.49,11.5,9.27
lemon,20,Composting,24.56,10.5,13.16
lemon,25,Composting,24.31,12.1,14.29
lemon,30,Composting,23.62,12.1,20.89
lemon,35,Composting,23.18,12.2,19.88
lemon,40,Composting,24.7,11.7,26.43
lemon,5,Vermiculture,23.47,8.5,2.46
lemon,10,Vermiculture,24.81,8.8,5.11
lemon,15,Vermiculture,23.41,7.9,7.86
lemon,20,Vermiculture,24.42,8.7,9.49
lemon,25,Vermiculture,23.93,8.9,13.28
lemon,30,Vermiculture,23.87,8.8,15.6
lemon,35,Vermiculture,24.17,8.4,15.85
lemon,40,Vermiculture,23.17,8.7,21.32
jackfruit,5,Composting,32.81,19.4,2.46
jackfruit,10,Composting,33.52,20.2,5.07
jackfruit,15,Composting,30.82,18.8,7.74
jackfruit,20,Composting,30.55,19.3,11.71
jackfruit,25,Composting,31.08,19.1,14.56
jackfruit,30,Composting,32.84,18.2,15.51
jackfruit,35,Composting,32.78,17.8,21.01
jackfruit,40,Composting,31.53,20.7,22.82
jackfruit,5,Vermiculture,32.19,14.4,2.69
jackfruit,10,Vermiculture,31.1,15.7,4.25
jackfruit,15,Vermiculture,32.09,14.0,6.52
jackfruit,20,Vermiculture,31.27,14.6,11.48
jackfruit,25,Vermiculture,30.89,15.2,13.08
jackfruit,30,Vermiculture,32.0,14.2,13.64
jackfruit,35,Vermiculture,32.62,15.1,16.08
jackfruit,40,Vermiculture,32.68,15.5,21.71
tomato,5,Composting,22.52,9.0,3.31
tomato,10,Composting,21.37,8.4,7.22
tomato,15,Composting,21.77,8.0,10.85
tomato,20,Composting,21.4,8.8,16.07
tomato,25,Composting,22.45,7.8,15.79
tomato,30,Composting,21.98,9.1,21.61
tomato,35,Composting,22.22,8.2,25.45
tomato,40,Composting,22.8,8.2,30.06
tomato,5,Vermiculture,22.28,5.3,2.72
tomato,10,Vermiculture,21.72,5.1,5.41
tomato,15,Vermiculture,21.03,5.5,8.52
tomato,20,Vermiculture,22.3,4.9,12.23
tomato,25,Vermiculture,22.81,5.0,13.91
tomato,30,Vermiculture,22.8,4.8,17.65
tomato,35,Vermiculture,22.26,5.7,22.75
tomato,40,Vermiculture,21.21,5.1,20.62
papaya,5,Composting,25.68,12.5,3.48
papaya,10,Composting,24.73,14.5,6.18
papaya,15,Composting,25.7,12.9,10.61
papaya,20,Composting,23.78,12.7,11.68
papaya,25,Composting,24.41,13.2,18.73
papaya,30,Composting,25.06,13.8,17.11
papaya,35,Composting,23.83,12.6,22.65
papaya,40,Composting,24.88,14.8,24.96
papaya,5,Vermiculture,24.15,9.6,2.57
papaya,10,Vermiculture,25.29,8.9,5.33
papaya,15,Vermiculture,25.69,9.2,7.41
papaya,20,Vermiculture,24.07,9.2,10.05
papaya,25,Vermiculture,24.68,10.3,11.86
papaya,30,Vermiculture,25.47,10.2,16.0
papaya,35,Vermiculture,24.49,9.8,17.88
papaya,40,Vermiculture,24.31,8.9,18.8
plum,5,Composting,27.34,9.8,3.32
plum,10,Composting,27.6,10.8,6.75
plum,15,Composting,27.92,11.2,9.37
plum,20,Composting,29.21,10.5,12.08
plum,25,Composting,28.12,10.0,15.6
plum,30,Composting,28.53,9.8,17.46
plum,35,Composting,27.99,9.9,22.6
plum,40,Composting,26.7,9.6,20.64
plum,5,Vermiculture,28.86,7.9,2.33
plum,10,Vermiculture,28.59,6.8,5.5
plum,15,Vermiculture,28.41,6.7,7.55
plum,20,Vermiculture,26.62,7.0,10.83
plum,25,Vermiculture,27.55,7.3,14.31
plum,30,Vermiculture,27.4,7.7,17.24
plum,35,Vermiculture,27.93,7.8,19.91
plum,40,Vermiculture,28.71,7.4,23.04
banana,5,Composting,31.4,9.8,3.14
banana,10,Composting,29.77,10.3,7.25
banana,15,Composting,30.07,10.8,8.74
banana,20,Composting,28.83,10.2,14.45
banana,25,Composting,31.28,10.4,14.35
banana,30,Composting,29.69,9.7,20.76
banana,35,Composting,28.96,9.7,19.54
banana,40,Composting,31.01,9.6,25.94
banana,5,Vermiculture,30.46,6.3,2.49
banana,10,Vermiculture,29.18,6.0,5.36
banana,15,Vermiculture,29.57,5.7,8.37
banana,20,Vermiculture,30.22,6.4,11.56
banana,25,Vermiculture,29.97,6.5,12.0
banana,30,Vermiculture,30.87,5.9,15.32
banana,35,Vermiculture,30.32,6.1,16.47
banana,40,Vermiculture,30.74,6.0,22.58
apple,5,Composting,29.23,12.5,2.97
apple,10,Composting,29.03,11.6,6.24
apple,15,Composting,27.09,11.7,10.16
apple,20,Composting,28.89,13.0,10.77
apple,25,Composting,27.79,11.8,15.24
apple,30,Composting,27.98,12.0,15.52
apple,35,Composting,27.64,12.3,19.79
apple,40,Composting,27.75,11.5,22.72
apple,5,Vermiculture,28.25,8.8,2.86
apple,10,Vermiculture,28.01,9.0,4.79
apple,15,Vermiculture,27.83,8.0,6.47
apple,20,Vermiculture,29.21,7.7,9.22
apple,25,Vermiculture,28.4,7.8,11.38
apple,30,Vermiculture,27.34,8.4,14.2
apple,35,Vermiculture,27.45,8.9,15.23
apple,40,Vermiculture,26.63,8.8,19.0
litchi,5,Composting,24.42,13.5,2.79
litchi,10,Composting,25.64,13.4,6.79
litchi,15,Composting,24.95,14.2,10.29
litchi,20,Composting,23.81,13.4,13.02
litchi,25,Composting,24.26,13.9,14.77
litchi,30,Composting,25.32,14.0,20.4
litchi,35,Composting,25.61,15.3,21.23
litchi,40,Composting,25.43,13.5,21.96
litchi,5,Vermiculture,24.24,8.7,2.38
litchi,10,Vermiculture,25.91,9.3,5.92
litchi,15,Vermiculture,25.84,9.5,8.68
litchi,20,Vermiculture,24.22,9.2,11.26
litchi,25,Vermiculture,23.95,9.2,15.08
litchi,30,Vermiculture,25.18,10.3,17.9
litchi,35,Vermiculture,24.84,9.6,18.42
litchi,40,Vermiculture,24.5,9.9,22.42
mango,5,Composting,25.43,15.4,3.09
mango,10,Composting,26.04,16.7,5.69
mango,15,Composting,24.97,17.9,8.09
mango,20,Composting,25.57,17.1,12.99
mango,25,Composting,24.99,18.3,15.93
mango,30,Composting,24.73,17.1,16.99
mango,35,Composting,26.45,17.1,17.43
mango,40,Composting,25.15,15.7,24.07
mango,5,Vermiculture,26.4,12.5,2.85
mango,10,Vermiculture,26.47,11.8,5.22
mango,15,Vermiculture,26.84,12.5,8.75
mango,20,Vermiculture,25.47,12.1,9.82
mango,25,Vermiculture,24.79,12.6,11.76
mango,30,Vermiculture,25.13,11.8,14.2
mango,35,Vermiculture,24.81,12.0,15.99
mango,40,Vermiculture,24.99,12.7,21.08
grapes,5,Composting,27.55,10.1,3.52
grapes,10,Composting,28.19,9.8,6.37
grapes,15,Composting,25.91,9.3,9.75
grapes,20,Composting,26.74,9.1,13.69
grapes,25,Composting,25.67,9.7,17.63
grapes,30,Composting,26.54,9.2,17.86
grapes,35,Composting,28.34,10.2,20.71
grapes,40,Composting,26.6,9.7,27.22
grapes,5,Vermiculture,27.84,6.7,2.73
grapes,10,Vermiculture,26.34,6.9,6.1
grapes,15,Vermiculture,26.01,7.8,7.45
grapes,20,Vermiculture,27.53,6.9,9.53
grapes,25,Vermiculture,26.95,7.8,14.28
grapes,30,Vermiculture,27.93,6.9,17.31
grapes,35,Vermiculture,27.58,7.7,19.41
grapes,40,Vermiculture,27.54,7.0,21.09
lemon,5,Composting,23.11,10.7,2.81
lemon,10,Composting,23.49,12.3,5.7
lemon,15,Composting,23.71,10.9,8.93
lemon,20,Composting,24.52,10.7,13.42
lemon,25,Composting,24.15,10.7,16.09
lemon,30,Composting,24.47,12.0,20.81
lemon,35,Composting,24.5,10.5,20.22
lemon,40,Composting,23.77,10.8,27.76
lemon,5,Vermiculture,24.22,7.8,2.81
lemon,10,Vermiculture,24.71,8.9,5.71
lemon,15,Vermiculture,23.33,9.0,7.33
lemon,20,Vermiculture,23.74,8.1,11.3
lemon,25,Vermiculture,23.64,9.1,12.62
lemon,30,Vermiculture,23.4,7.9,15.41
lemon,35,Vermiculture,25.06,8.9,16.82
lemon,40,Vermiculture,24.4,8.4,21.66
jackfruit,5,Composting,30.66,17.9,3.01
jackfruit,10,Composting,31.72,19.8,5.62
jackfruit,15,Composting,31.34,18.1,9.03
jackfruit,20,Composting,33.29,17.1,11.29
jackfruit,25,Composting,31.94,17.7,15.56
jackfruit,30,Composting,32.13,18.0,14.62
jackfruit,35,Composting,30.77,18.6,19.42
jackfruit,40,Composting,32.05,17.5,22.24
jackfruit,5,Vermiculture,31.06,15.7,2.83
jackfruit,10,Vermiculture,33.41,14.2,4.44
jackfruit,15,Vermiculture,32.56,13.5,6.81
jackfruit,20,Vermiculture,32.28,14.7,9.22
jackfruit,25,Vermiculture,31.41,15.1,11.94
jackfruit,30,Vermiculture,33.07,14.9,13.18
jackfruit,35,Vermiculture,31.25,14.2,15.57
jackfruit,40,Vermiculture,33.25,13.4,19.13
tomato,5,Composting,23.06,9.2,3.56
tomato,10,Composting,22.23,7.9,7.97
tomato,15,Composting,21.7,9.0,10.48
tomato,20,Composting,21.16,8.7,14.11
tomato,25,Composting,22.22,8.5,18.36
tomato,30,Composting,22.81,8.3,20.95
tomato,35,Composting,22.92,8.6,27.73
tomato,40,Composting,21.92,9.1,32.05
tomato,5,Vermiculture,21.4,4.9,2.64
tomato,10,Vermiculture,22.89,5.4,6.6
tomato,15,Vermiculture,22.8,5.3,8.92
tomato,20,Vermiculture,23.03,4.9,13.53
tomato,25,Vermiculture,22.17,5.7,15.78
tomato,30,Vermiculture,21.95,5.2,18.84
tomato,35,Vermiculture,20.94,4.9,18.4
tomato,40,Vermiculture,23.09,5.1,25.64
papaya,5,Composting,24.14,14.9,3.67
papaya,10,Composting,24.65,14.7,6.35
papaya,15,Composting,23.8,14.7,10.94
papaya,20,Composting,25.8,12.7,11.23
papaya,25,Composting,24.1,12.6,14.82
papaya,30,Composting,24.25,14.4,20.71
papaya,35,Composting,23.94,13.3,21.74
papaya,40,Composting,24.05,13.5,23.05
papaya,5,Vermiculture,25.62,9.6,2.47
papaya,10,Vermiculture,24.98,8.8,4.84
papaya,15,Vermiculture,25.05,9.1,8.96
papaya,20,Vermiculture,24.62,8.7,9.43
papaya,25,Vermiculture,25.19,10.1,15.23
papaya,30,Vermiculture,24.33,8.7,17.38
papaya,35,Vermiculture,24.05,9.9,18.16
papaya,40,Vermiculture,24.28,9.4,20.81
plum,5,Composting,26.85,10.9,2.57
plum,10,Composting,27.83,10.9,6.54
plum,15,Composting,28.0,11.1,8.17
plum,20,Composting,26.71,10.0,10.8
plum,25,Composting,27.9,9.7,14.77
plum,30,Composting,27.74,9.6,20.18
plum,35,Composting,28.64,11.4,20.04
plum,40,Composting,28.38,10.9,25.63
plum,5,Vermiculture,28.62,6.8,2.87
plum,10,Vermiculture,26.89,7.8,4.8
plum,15,Vermiculture,28.08,7.6,8.95
plum,20,Vermiculture,28.12,7.6,11.37
plum,25,Vermiculture,27.95,7.1,14.82
plum,30,Vermiculture,28.12,7.7,16.25
plum,35,Vermiculture,28.78,7.6,15.7
plum,40,Vermiculture,27.58,6.9,18.56
banana,5,Composting,30.58,9.5,3.26
banana,10,Composting,30.17,10.6,6.39
banana,15,Composting,30.36,9.6,10.1
banana,20,Composting,30.51,9.9,13.02
banana,25,Composting,30.57,9.6,17.49
banana,30,Composting,28.63,10.2,17.37
banana,35,Composting,31.08,10.5,23.73
banana,40,Composting,29.47,11.2,26.64
banana,5,Vermiculture,30.36,6.8,2.45
banana,10,Vermiculture,29.69,6.6,5.72
banana,15,Vermiculture,28.99,6.0,8.44
banana,20,Vermiculture,29.27,6.6,10.12
banana,25,Vermiculture,28.79,6.7,12.25
banana,30,Vermiculture,30.79,5.8,14.97
banana,35,Vermiculture,29.43,6.9,16.56
banana,40,Vermiculture,29.06,6.3,18.88
apple,5,Composting,27.15,12.4,3.05
apple,10,Composting,26.62,12.4,6.17
apple,15,Composting,29.1,11.6,8.46
apple,20,Composting,26.76,12.0,12.33
apple,25,Composting,28.61,12.8,14.72
apple,30,Composting,27.51,13.6,17.07
apple,35,Composting,28.02,13.1,19.46
apple,40,Composting,28.24,11.6,26.68
apple,5,Vermiculture,29.37,8.1,2.38
apple,10,Vermiculture,29.02,8.3,4.85
apple,15,Vermiculture,26.64,7.6,6.47
apple,20,Vermiculture,28.9,7.7,10.0
apple,25,Vermiculture,29.14,8.0,10.74
apple,30,Vermiculture,29.31,7.8,15.25
apple,35,Vermiculture,27.82,8.6,15.65
apple,40,Vermiculture,26.79,8.8,18.95
litchi,5,Composting,25.37,15.4,2.64
litchi,10,Composting,25.21,15.5,6.01
litchi,15,Composting,23.75,14.8,10.4
litchi,20,Composting,24.51,15.4,11.25
litchi,25,Composting,24.52,14.9,17.75
litchi,30,Composting,25.84,13.8,17.77
litchi,35,Composting,24.96,13.8,22.5
litchi,40,Composting,25.79,13.8,24.72
litchi,5,Vermiculture,24.31,8.8,2.81
litchi,10,Vermiculture,25.52,9.6,5.33
litchi,15,Vermiculture,24.55,9.7,7.74
litchi,20,Vermiculture,24.77,8.8,9.34
litchi,25,Vermiculture,25.39,9.8,12.04
litchi,30,Vermiculture,24.29,10.1,14.7
litchi,35,Vermiculture,24.35,9.2,18.94
litchi,40,Vermiculture,24.2,9.9,18.61
mango,5,Composting,25.96,18.2,3.15
mango,10,Composting,25.74,16.7,5.36
mango,15,Composting,26.63,16.2,8.46
mango,20,Composting,27.06,18.4,11.82
mango,25,Composting,25.62,15.3,14.42
mango,30,Composting,25.86,18.4,18.19
mango,35,Composting,25.64,18.1,18.55
mango,40,Composting,25.0,16.5,20.21
mango,5,Vermiculture,25.87,11.4,2.35
mango,10,Vermiculture,25.22,13.1,5.63
mango,15,Vermiculture,25.61,13.5,8.33
mango,20,Vermiculture,26.5,12.5,10.55
mango,25,Vermiculture,26.65,11.8,12.34
mango,30,Vermiculture,26.38,12.9,16.75
mango,35,Vermiculture,24.98,13.6,19.33
mango,40,Vermiculture,26.67,11.6,20.58
grapes,5,Composting,26.63,10.1,3.11
grapes,10,Composting,27.33,9.3,6.47
grapes,15,Composting,25.94,9.8,10.22
grapes,20,Composting,27.15,9.4,14.26
grapes,25,Composting,27.05,10.0,15.5
grapes,30,Composting,28.32,10.1,18.04
grapes,35,Composting,27.2,9.4,19.29
grapes,40,Composting,26.16,9.9,27.93
grapes,5,Vermiculture,26.01,7.3,2.5
grapes,10,Vermiculture,26.71,7.8,5.26
grapes,15,Vermiculture,27.38,7.4,7.11
grapes,20,Vermiculture,27.83,7.4,11.84
grapes,25,Vermiculture,26.54,7.4,13.74
grapes,30,Vermiculture,28.04,7.4,16.84
grapes,35,Vermiculture,25.87,7.2,19.94
grapes,40,Vermiculture,27.87,6.9,19.54
lemon,5,Composting,24.51,10.7,3.15
lemon,10,Composting,22.8,11.7,5.93
lemon,15,Composting,24.95,10.6,8.93
lemon,20,Composting,24.16,11.0,12.48
lemon,25,Composting,24.79,11.6,14.83
lemon,30,Composting,24.32,11.7,21.21
lemon,35,Composting,24.19,11.5,21.29
lemon,40,Composting,25.15,11.4,26.1
lemon,5,Vermiculture,23.02,8.4,2.69
lemon,10,Vermiculture,23.76,9.1,4.48
lemon,15,Vermiculture,24.11,7.8,7.93
lemon,20,Vermiculture,24.32,8.5,8.97
lemon,25,Vermiculture,24.49,7.6,11.7
lemon,30,Vermiculture,23.15,9.1,16.86
lemon,35,Vermiculture,24.0,8.0,20.53
lemon,40,Vermiculture,22.95,8.6,22.62
jackfruit,5,Composting,32.4,17.7,2.72
jackfruit,10,Composting,32.65,18.9,5.69
jackfruit,15,Composting,32.88,18.5,8.87
jackfruit,20,Composting,33.18,19.8,10.33
jackfruit,25,Composting,30.87,19.3,13.86
jackfruit,30,Composting,33.3,17.4,17.22
jackfruit,35,Composting,33.53,18.5,19.63
jackfruit,40,Composting,31.14,18.4,21.81
jackfruit,5,Vermiculture,32.99,14.7,2.35
jackfruit,10,Vermiculture,30.9,14.0,4.33
jackfruit,15,Vermiculture,33.24,15.9,6.79
jackfruit,20,Vermiculture,32.65,15.3,9.19
jackfruit,25,Vermiculture,30.77,13.9,10.73
jackfruit,30,Vermiculture,31.83,15.2,14.83
jackfruit,35,Vermiculture,31.08,14.4,18.76
jackfruit,40,Vermiculture,31.54,15.3,20.21
tomato,5,Composting,22.81,8.3,3.49
tomato,10,Composting,22.58,8.8,7.31
tomato,15,Composting,21.6,8.3,10.27
tomato,20,Composting,22.95,8.5,13.91
tomato,25,Composting,22.7,8.6,16.93
tomato,30,Composting,21.27,8.8,23.59
tomato,35,Composting,21.99,8.9,27.24
tomato,40,Composting,22.83,8.3,31.17
tomato,5,Vermiculture,22.06,5.3,2.96
tomato,10,Vermiculture,21.29,4.9,5.46
tomato,15,Vermiculture,22.83,5.1,8.55
tomato,20,Vermiculture,22.84,5.1,10.69
tomato,25,Vermiculture,21.93,4.9,16.03
tomato,30,Vermiculture,22.62,4.8,16.53
tomato,35,Vermiculture,21.32,5.4,19.01
tomato,40,Vermiculture,21.78,4.9,24.42
papaya,5,Composting,25.75,13.4,3.64
papaya,10,Composting,25.98,13.6,6.77
papaya,15,Composting,25.03,14.6,8.77
papaya,20,Composting,25.76,13.3,13.47
papaya,25,Composting,25.52,12.7,14.52
papaya,30,Composting,26.16,14.0,17.96
papaya,35,Composting,25.76,13.6,26.24
papaya,40,Composting,24.66,14.4,23.85
papaya,5,Vermiculture,25.58,10.0,3.15
papaya,10,Vermiculture,26.09,10.0,5.43
papaya,15,Vermiculture,24.87,9.9,9.04
papaya,20,Vermiculture,26.14,8.6,9.48
papaya,25,Vermiculture,25.49,10.3,11.72
papaya,30,Vermiculture,24.91,9.2,14.34
papaya,35,Vermiculture,25.02,9.7,19.59
papaya,40,Vermiculture,24.59,9.7,23.94
plum,5,Composting,28.23,10.4,3.05
plum,10,Composting,27.0,10.6,6.83
plum,15,Composting,28.07,9.9,10.0
plum,20,Composting,26.77,10.3,12.69
plum,25,Composting,29.12,11.2,16.21
plum,30,Composting,28.14,10.5,18.24
plum,35,Composting,29.22,10.8,19.27
plum,40,Composting,27.12,11.2,27.23
plum,5,Vermiculture,28.53,6.8,2.57
plum,10,Vermiculture,27.22,7.5,4.53
plum,15,Vermiculture,29.34,7.5,7.5
plum,20,Vermiculture,28.08,7.2,9.87
plum,25,Vermiculture,26.98,6.9,12.5
plum,30,Vermiculture,28.08,7.2,15.19
plum,35,Vermiculture,28.54,6.9,19.05
plum,40,Vermiculture,27.35,7.3,21.15
banana,5,Composting,29.83,9.9,2.96
banana,10,Composting,28.59,10.3,6.37
banana,15,Composting,30.54,11.0,11.06
banana,20,Composting,31.15,9.7,14.52
banana,25,Composting,31.48,10.0,16.65
banana,30,Composting,29.7,10.2,19.12
banana,35,Composting,29.55,10.3,21.52
banana,40,Composting,28.96,10.7,24.1
banana,5,Vermiculture,29.88,6.4,2.66
banana,10,Vermiculture,30.05,5.8,5.84
banana,15,Vermiculture,30.78,6.4,7.78
banana,20,Vermiculture,29.78,5.8,11.12
banana,25,Vermiculture,28.94,6.0,14.4
banana,30,Vermiculture,29.12,6.0,15.6
banana,35,Vermiculture,30.75,6.1,20.47
banana,40,Vermiculture,28.59,6.0,22.97
apple,5,Composting,28.49,12.8,2.71
apple,10,Composting,28.15,11.8,5.8
apple,15,Composting,26.79,11.4,9.46
apple,20,Composting,28.93,13.7,11.97
apple,25,Composting,28.34,11.7,15.48
apple,30,Composting,29.21,13.4,16.47
apple,35,Composting,27.98,13.7,19.69
apple,40,Composting,27.65,12.3,26.8
apple,5,Vermiculture,29.03,8.9,2.26
apple,10,Vermiculture,28.03,8.5,4.73
apple,15,Vermiculture,27.51,8.9,7.28
apple,20,Vermiculture,27.83,8.7,8.87
apple,25,Vermiculture,27.8,8.0,11.82
apple,30,Vermiculture,28.6,9.0,15.67
apple,35,Vermiculture,28.98,8.3,15.53
apple,40,Vermiculture,28.2,7.7,21.84
litchi,5,Composting,24.38,16.1,3.44
litchi,10,Composting,25.49,13.7,6.85
litchi,15,Composting,24.28,15.1,9.33
litchi,20,Composting,23.95,15.5,10.85
litchi,25,Composting,25.31,15.3,16.84
litchi,30,Composting,24.06,14.4,17.06
litchi,35,Composting,26.01,13.5,23.17
litchi,40,Composting,24.25,14.2,25.05
litchi,5,Vermiculture,24.01,10.1,2.57
litchi,10,Vermiculture,25.55,8.8,5.72
litchi,15,Vermiculture,24.8,10.0,7.99
litchi,20,Vermiculture,24.69,8.8,10.13
litchi,25,Vermiculture,24.03,10.3,12.11
litchi,30,Vermiculture,24.44,8.6,16.42
litchi,35,Vermiculture,25.56,9.5,19.3
litchi,40,Vermiculture,24.43,9.4,21.17
mango,5,Composting,26.21,16.6,2.62
mango,10,Composting,26.23,17.8,5.77
mango,15,Composting,25.54,16.8,9.34
mango,20,Composting,26.13,17.4,12.77
mango,25,Composting,25.44,16.1,16.46
mango,30,Composting,25.95,18.3,17.81
mango,35,Composting,27.0,16.5,21.77
mango,40,Composting,27.17,18.3,24.05
mango,5,Vermiculture,27.06,12.5,2.83
mango,10,Vermiculture,27.2,12.3,5.28
mango,15,Vermiculture,25.35,11.7,7.53
mango,20,Vermiculture,25.23,11.5,9.75
mango,25,Vermiculture,25.74,13.2,13.88
mango,30,Vermiculture,25.81,12.9,15.44
mango,35,Vermiculture,26.83,12.8,15.85
mango,40,Vermiculture,26.1,13.4,20.46
grapes,5,Composting,25.89,9.9,3.06
grapes,10,Composting,27.07,10.3,6.86
grapes,15,Composting,26.06,10.3,8.51
grapes,20,Composting,26.81,8.6,13.37
grapes,25,Composting,28.32,10.3,15.05
grapes,30,Composting,25.91,8.6,20.62
grapes,35,Composting,28.0,8.7,20.4
grapes,40,Composting,26.47,8.8,27.25
grapes,5,Vermiculture,26.11,6.9,2.57
grapes,10,Vermiculture,27.66,7.2,6.16
grapes,15,Vermiculture,27.78,7.6,7.98
grapes,20,Vermiculture,25.92,7.7,11.75
grapes,25,Vermiculture,28.33,7.0,11.65
grapes,30,Vermiculture,28.25,7.9,17.29
grapes,35,Vermiculture,28.14,7.0,20.6
grapes,40,Vermiculture,28.3,7.9,21.27
lemon,5,Composting,22.91,11.1,3.27
lemon,10,Composting,25.1,12.6,5.56
lemon,15,Composting,23.36,11.3,8.81
lemon,20,Composting,23.19,11.0,12.66
lemon,25,Composting,24.59,12.4,17.65
lemon,30,Composting,23.55,11.7,17.74
lemon,35,Composting,24.27,10.9,23.01
lemon,40,Composting,24.9,11.3,28.23
lemon,5,Vermiculture,24.3,8.5,2.59
lemon,10,Vermiculture,24.12,8.6,4.83
lemon,15,Vermiculture,24.48,9.1,7.99
lemon,20,Vermiculture,24.73,7.8,9.49
lemon,25,Vermiculture,24.12,8.0,14.15
lemon,30,Vermiculture,23.45,8.8,14.15
lemon,35,Vermiculture,23.05,7.8,18.29
lemon,40,Vermiculture,25.08,9.0,18.31
jackfruit,5,Composting,31.07,20.5,2.91
jackfruit,10,Composting,30.86,19.6,5.97
jackfruit,15,Composting,32.18,19.4,7.21
jackfruit,20,Composting,31.24,19.0,12.12
jackfruit,25,Composting,32.47,19.0,15.02
jackfruit,30,Composting,32.83,18.3,15.48
jackfruit,35,Composting,31.61,18.4,17.85
jackfruit,40,Composting,31.22,19.1,21.71
jackfruit,5,Vermiculture,32.31,14.8,2.17
jackfruit,10,Vermiculture,31.77,14.1,4.38
jackfruit,15,Vermiculture,31.19,16.0,6.62
jackfruit,20,Vermiculture,31.82,13.9,9.56
jackfruit,25,Vermiculture,32.55,15.1,11.6
jackfruit,30,Vermiculture,32.72,14.9,15.84
jackfruit,35,Vermiculture,33.56,15.3,20.09
jackfruit,40,Vermiculture,33.58,14.1,22.91
tomato,5,Composting,22.74,9.2,3.57
tomato,10,Composting,22.09,7.6,6.98
tomato,15,Composting,22.3,8.1,11.8
tomato,20,Composting,21.11,7.9,15.16
tomato,25,Composting,21.82,8.6,19.97
tomato,30,Composting,21.42,7.8,22.47
tomato,35,Composting,21.22,7.8,28.03
tomato,40,Composting,22.67,8.9,31.81
tomato,5,Vermiculture,21.18,5.6,3.01
tomato,10,Vermiculture,20.93,5.6,5.26
tomato,15,Vermiculture,21.55,5.0,9.19
tomato,20,Vermiculture,21.82,5.7,12.34
tomato,25,Vermiculture,21.56,5.4,15.97
tomato,30,Vermiculture,22.03,5.1,20.15
tomato,35,Vermiculture,22.84,5.1,23.45
tomato,40,Vermiculture,21.19,5.2,21.09
papaya,5,Composting,25.94,14.5,3.71
papaya,10,Composting,25.08,13.6,6.73
papaya,15,Composting,24.69,13.4,10.23
papaya,20,Composting,24.06,14.9,12.97
papaya,25,Composting,25.11,13.7,15.38
papaya,30,Composting,25.13,14.7,17.13
papaya,35,Composting,25.97,13.3,21.29
papaya,40,Composting,24.45,14.1,24.1
papaya,5,Vermiculture,24.67,9.3,2.64
papaya,10,Vermiculture,24.22,9.1,5.45
papaya,15,Vermiculture,24.44,9.3,8.66
papaya,20,Vermiculture,23.94,9.9,10.84
papaya,25,Vermiculture,24.02,9.7,14.65
papaya,30,Vermiculture,26.04,9.7,14.39
papaya,35,Vermiculture,26.11,8.8,19.86
papaya,40,Vermiculture,25.1,10.3,24.94
plum,5,Composting,27.9,11.1,3.29
plum,10,Composting,28.57,9.8,6.71
plum,15,Composting,28.95,11.5,9.96
plum,20,Composting,29.33,9.6,13.79
plum,25,Composting,27.54,10.3,13.37
plum,30,Composting,29.17,10.6,16.57
plum,35,Composting,27.36,11.1,20.25
plum,40,Composting,28.71,10.9,24.88
plum,5,Vermiculture,27.01,7.4,2.95
plum,10,Vermiculture,26.85,7.0,5.6
plum,15,Vermiculture,29.28,6.8,8.71
plum,20,Vermiculture,29.08,6.8,10.72
plum,25,Vermiculture,28.86,6.9,13.81
plum,30,Vermiculture,28.39,7.6,14.21
plum,35,Vermiculture,28.24,6.8,16.78
plum,40,Vermiculture,26.78,8.0,18.75
banana,5,Composting,30.89,10.6,3.22
banana,10,Composting,29.15,11.4,7.08
banana,15,Composting,31.25,10.4,10.13
banana,20,Composting,29.8,10.1,12.35
banana,25,Composting,30.37,10.4,14.45
banana,30,Composting,29.77,10.4,20.48
banana,35,Composting,29.71,11.2,21.3
banana,40,Composting,31.47,10.7,24.75
banana,5,Vermiculture,30.16,6.9,2.49
banana,10,Vermiculture,29.21,6.6,5.45
banana,15,Vermiculture,30.88,6.1,8.88
banana,20,Vermiculture,31.36,6.0,11.03
banana,25,Vermiculture,31.04,6.0,15.56
banana,30,Vermiculture,31.15,6.1,14.49
banana,35,Vermiculture,28.69,5.9,19.27
banana,40,Vermiculture,30.02,5.8,21.94
apple,5,Composting,28.36,12.8,3.17
apple,10,Composting,27.82,13.1,6.83
apple,15,Composting,28.29,11.5,8.15
apple,20,Composting,27.11,12.0,13.14
apple,25,Composting,27.42,11.9,15.78
apple,30,Composting,28.57,13.5,19.49
apple,35,Composting,27.26,13.5,17.95
apple,40,Composting,27.95,11.7,21.22
apple,5,Vermiculture,26.75,8.3,2.86
apple,10,Vermiculture,28.27,8.4,5.42
apple,15,Vermiculture,28.61,8.7,7.27
apple,20,Vermiculture,28.12,8.0,9.71
apple,25,Vermiculture,29.09,8.2,11.88
apple,30,Vermiculture,28.93,8.4,16.15
apple,35,Vermiculture,27.3,7.8,15.17
apple,40,Vermiculture,29.14,8.4,20.08
litchi,5,Composting,24.88,14.5,3.0
litchi,10,Composting,25.75,14.1,6.18
litchi,15,Composting,25.7,13.7,8.8
litchi,20,Composting,24.2,15.0,13.94
litchi,25,Composting,24.54,14.6,15.97
litchi,30,Composting,25.96,14.9,16.13
litchi,35,Composting,26.03,13.4,19.34
litchi,40,Composting,25.48,14.5,27.39
